company,revenue,ebitda,total_debt,equity,current_assets,current_liabilities,ebit,interest_expense,debt_payment,circular_trading,news_risk,loan_default
Company_1,106851248,13288410,180656379,84717636,37472105,27192978,10684871,2665624,9498341,1,0,1
Company_2,389007956,58373459,170885241,59424089,55379050,26189441,51825073,4495331,7348134,0,4,1
Company_3,197673616,44409737,126908603,33605549,34443375,30563554,32247632,8528504,2683053,0,4,0
Company_4,276754903,15571847,180329420,90197097,23209060,23579326,13329840,4416523,8985684,0,3,0
Company_5,153578320,9026191,182316978,117180735,20040250,79937498,6573873,1674624,9739978,0,5,1
Company_6,342013940,61971390,113484281,133454436,22320037,30877221,54659377,6505664,4321159,0,5,1
Company_7,231168172,15481081,30523341,133544984,95191639,78306191,12908759,2537991,11265798,0,4,0
Company_8,375099815,78642316,158285870,80728574,94913207,30318697,59562615,9732971,10604970,1,4,0
Company_9,320671985,74152162,96227207,149067131,92833808,11899679,54130545,3161593,2654029,0,3,1
Company_10,195785860,15042932,140200374,39861555,90275772,20175880,12985039,5867218,8284478,0,2,0
Company_11,411524934,24094584,49975084,139180075,56749407,37836226,20922592,3945430,14462999,1,0,0
Company_12,412602674,95397067,167682819,124396522,19852974,66654299,75813183,4914056,3604427,1,3,1
Company_13,261487072,26421463,136657357,105876564,56619959,79776284,22151438,6817947,16358491,1,1,0
Company_14,358892021,62142855,181261123,50323717,19651941,60192337,55925240,7187576,19104663,0,3,1
Company_15,275189462,64353990,165314184,21203029,21637248,60177142,45389698,3447050,13127168,0,3,0
Company_16,464705544,80356312,80849544,131404920,63475240,42532229,62168661,2290471,3327723,1,3,1
Company_17,117743203,16288104,113465879,141260972,61463924,16259507,13330526,7402424,7506620,0,3,1
Company_18,330741554,31023319,174535617,122864392,88614130,40087416,25056734,1653222,19213573,0,5,1
Company_19,242360192,43373381,65815154,36264873,12682862,75185788,32335187,4248557,10465945,1,2,1
Company_20,179957133,38092971,97490226,80304159,90389792,7141952,26978145,7790499,14091309,1,4,0
Company_21,352198830,45670253,142296308,132689587,46851607,71385298,39808985,5500984,3199984,0,3,0
Company_22,304038370,27255912,15666418,85534582,69952036,50046318,19202505,4164264,5276676,1,3,1
Company_23,202940903,21663555,199232757,128768705,36885525,15446626,15190020,6424152,4147368,0,4,0
Company_24,414143093,79580407,185808908,94478473,30207780,74170704,60843707,9991488,8976319,1,2,1
Company_25,148759987,11673391,62106519,40083121,21458738,62723008,8985081,4668644,5410204,0,1,1
Company_26,156652215,18040315,196655668,140302179,14626365,53936148,16093510,1688851,15215372,0,5,0
Company_27,257899054,13192319,114511629,27670760,95063777,61763462,11420662,3793048,18009290,0,4,1
Company_28,479067423,51453117,132435677,111550963,34200576,27978012,41010592,7970768,6662197,1,3,1
Company_29,298044913,49769818,147016311,136643511,33711465,10901656,42821213,6748371,19851416,0,0,1
Company_30,197406397,29863423,64568220,130043966,96331774,77540821,26645970,9052180,5448619,0,0,1
Company_31,50010328,8931910,154746835,76766765,92637563,5900437,7352907,3154199,16011765,0,4,0
Company_32,286125632,22402187,143897862,67228140,69093167,32897248,19413662,3579657,5317535,0,5,1
Company_33,175411377,40517509,144487679,103993480,76769064,45590982,34310006,1817260,11230316,1,3,0
Company_34,174805258,14963708,132551945,77711248,97754052,7340984,13034090,8268115,16633363,0,3,1
Company_35,168003539,26001665,57365118,103177601,73568163,63998935,20287401,4349048,8703876,0,0,0
Company_36,244748250,31697266,98417415,120092171,72423113,27076841,28292654,8261558,15268361,0,1,0
Company_37,282992932,44120734,93744194,85587661,51549153,43712507,37072583,7944294,2116697,0,2,0
Company_38,316991712,23561556,51489800,83641579,69681338,76378287,20124395,4945321,13492841,0,3,0
Company_39,423222614,86808863,47001067,70761612,50221092,24834589,77180250,9406041,10161023,1,1,0
Company_40,436581207,106951626,14642839,106987102,59327601,60655949,90835534,5074120,15381611,0,4,1
Company_41,86084000,6956738,65945287,125380026,35084041,23900593,6104492,2312451,11236708,0,4,1
Company_42,394124805,51838207,53390232,29407228,16870950,48008662,40634120,9553007,7545808,0,1,1
Company_43,378996139,24016768,164121190,49528684,66781425,44361948,18769329,7814594,9451588,0,1,0
Company_44,226083544,21078049,87885982,138218343,58713808,22393339,16990154,5898230,6186706,1,3,1
Company_45,355184117,28914157,60202894,34247140,82359361,18554595,23852550,6947748,13361093,0,5,1
Company_46,186899356,40063159,198780503,130758489,39227015,11224812,34858806,7859841,2705721,0,4,0
Company_47,326499803,40448834,17102757,42545463,76323180,28819468,31996119,9597452,9205659,0,0,1
Company_48,348185331,43810565,61552051,82000357,29532936,8630332,37289812,5099596,16151178,0,2,0
Company_49,477381691,110629369,84140560,27392208,57381560,74125117,92922172,4397966,4596423,0,3,0
Company_50,111990533,20333467,196942700,64930842,45054717,61497491,15758259,9540184,16490789,1,4,1
Company_51,458161362,99482510,89448134,103251829,50143425,26598039,83466280,4697283,4839642,0,2,0
Company_52,213095448,12595059,80879089,78596955,58140676,66786953,11311211,4533883,12440944,1,2,1
Company_53,404197162,82528966,12911106,45109399,27070410,52203111,71205718,5010671,14543381,1,5,1
Company_54,472535444,35410275,169817038,72359597,29332972,14017034,26515376,1401978,16712690,1,5,1
Company_55,152455444,21732748,101574648,79241037,86757063,63987690,15287622,7404814,18476294,0,2,0
Company_56,188030297,32739232,192033686,127915361,57895033,38385276,24421605,3801173,8147639,1,2,0
Company_57,151281213,11207582,10707832,36039219,36843414,19243070,8441904,2148003,14741711,0,0,1
Company_58,81133375,5151377,41890130,112587292,51853379,42420787,3704747,9193473,7933794,0,2,1
Company_59,396688259,92533422,10937296,137632476,97849895,32527328,67394817,1915397,18959218,0,5,0
Company_60,283561788,42322460,94962452,58626073,68439659,52182351,32271653,1134171,4305017,1,2,0
Company_61,281797079,41051421,193047562,34592408,23294865,50026996,35523447,4643006,9432131,1,1,0
Company_62,63944093,10647301,158085179,36703640,48717568,8147319,9572322,8852636,15559487,1,4,0
Company_63,289450820,55970482,30951698,95688775,40991849,37362387,47195761,2187783,5112071,1,3,0
Company_64,387085959,43795541,133413516,79897255,35194578,28535039,32173801,8658925,10823001,1,0,1
Company_65,67648516,9560878,97232708,119835696,92853899,31383483,8417943,8133943,19681969,0,4,1
Company_66,115629768,5807098,109454712,58801778,77224827,44416383,4837536,6246732,2219248,1,4,0
Company_67,74182188,12991428,64107613,102722360,61315383,27695208,10492178,9851130,19734953,1,2,1
Company_68,295299166,38864250,105500109,54869021,73606555,68288407,29587500,3905378,8385992,1,5,0
Company_69,171564091,24073493,110462256,39101462,74390279,45513362,20502064,9267671,7117252,0,0,0
Company_70,168810387,14479509,145014914,64750983,74992593,35955803,11673644,5500314,17698337,0,1,1
Company_71,149389585,27083221,132193488,26671581,30564683,77890789,21474344,5622309,11825835,0,1,0
Company_72,64880481,9209892,196242005,97098741,91121985,34160961,6678299,1254395,5101063,0,4,0
Company_73,95908117,13111259,145969137,51657106,67911663,64294394,9683076,2223865,5216564,0,3,0
Company_74,86858438,15570172,14337086,127439535,18744833,77942381,13330708,4437572,5617719,1,1,1
Company_75,169526602,16755133,180831309,148707683,15938471,32109060,13633056,1678182,9499950,1,1,1
Company_76,252865600,47082516,186693671,27338716,63790082,72155802,40753629,6933074,14671442,1,3,1
Company_77,149857821,13340715,139950641,108454662,38090949,66826565,11650822,7879713,7489602,0,0,1
Company_78,72578987,3675148,177980847,64651867,76099619,75344746,2982524,8165567,9412960,1,4,1
Company_79,257187307,58086407,138391064,138701633,85204461,78597662,49259547,1828369,10011351,1,1,0
Company_80,394710481,30538853,117509370,64418436,67104134,58223923,26542412,9920933,5892388,0,5,1
Company_81,186707319,31745104,113947149,112187407,29683833,9401147,22399083,8303442,10679475,0,1,0
Company_82,124328399,10758337,73010565,53763100,18912852,54809317,9379797,5590617,7321082,0,2,0
Company_83,402852648,72553567,52362830,147135486,98797820,61861879,60179649,9371188,14278577,0,1,0
Company_84,415613580,39213003,187749224,50823245,21345885,16191190,33927213,4595640,7025127,0,1,1
Company_85,362167241,84909570,32757064,135963574,47357691,76547365,61905527,5282419,8708486,1,1,1
Company_86,73482036,11598776,171748650,68956593,21943450,74936723,8757216,7533009,13683463,1,0,1
Company_87,225967799,37299231,163175691,120701244,89332924,76801506,31215873,8892311,8827845,0,5,0
Company_88,76353509,13680609,42721638,111926112,60378690,48037402,10249026,8447252,18741166,1,0,1
Company_89,398073517,20759376,72656260,102170489,59336239,31102799,18625583,6314887,6449823,1,2,1
Company_90,139055335,9788832,108328984,76540226,55228165,50969077,7268331,3690282,8539035,1,1,1
Company_91,233672154,42150141,114788127,69260281,68454826,61768315,32174996,3188391,19145670,0,2,1
Company_92,374949796,41083670,135615757,59445195,15630272,19786685,32350484,3660840,11820829,0,0,1
Company_93,70978515,17219204,180684598,127782113,29787959,5371289,12305473,4497729,2224527,0,3,0
Company_94,292905406,31821293,172441752,135128678,62463307,19311181,22330561,2935205,8911031,0,5,0
Company_95,222538986,55247999,180019862,46398040,36402602,48223006,45751964,7738652,12752680,1,0,1
Company_96,433375089,63956631,149895538,22819905,29623949,43556634,45438000,4121572,18643682,0,1,0
Company_97,403789076,68683868,173625468,109070762,88509368,72560766,52450820,5433191,18225750,0,0,1
Company_98,356788206,72253077,167239250,88478796,65375239,45570906,63891816,6268112,16818182,0,5,1
Company_99,302946123,59527676,118652423,23053940,30609883,53130436,51945845,9433944,11006470,1,4,1
Company_100,372998419,70385909,130784945,117611382,36067466,41426783,52109571,4982487,5644867,1,0,0
Company_101,359407870,19508181,56696922,20507743,24344420,76344383,16174520,1197605,17631998,0,0,0
Company_102,370547327,83966759,87323813,118402168,41813559,61889514,63294234,2176470,2714831,1,3,1
Company_103,474484884,86306903,194542102,24613006,79357356,47465928,70371427,9508366,10365170,0,0,0
Company_104,311436412,62254465,141895198,115511080,50533629,44994144,49471632,6137181,18203742,1,4,1
Company_105,370383569,88315611,150292536,102133482,48383705,54974632,76931821,4035545,6458831,0,4,0
Company_106,211660529,20224789,169298412,131082480,75800661,61407424,17687182,7700890,18496610,1,0,0
Company_107,388792215,72724372,189597477,101099744,14501854,11146927,52252811,3380097,17309184,0,3,0
Company_108,59803170,7275952,70426575,48910683,59519265,42925322,5959340,4221940,9247932,1,2,0
Company_109,460885214,110359776,143049668,22823022,34061104,30561841,93338638,6159825,9177048,0,5,1
Company_110,92283613,7438600,104505596,28994713,47470059,19426005,5392929,6812110,18935253,1,5,0
Company_111,425430732,29892020,17471808,129695271,53242491,26202292,26451147,9450498,8365821,1,3,0
Company_112,362838711,72090460,98777420,62361463,58803512,29672648,51898007,4023235,15827437,1,0,0
Company_113,117980592,15917928,19456365,47114675,96843257,78160613,12887031,2975036,4176756,0,2,0
Company_114,494862954,109377771,36203848,134444236,81959341,78668268,85514100,2166845,2607239,0,5,1
Company_115,213663698,31751727,159572720,46824477,18592545,47615265,25674511,6165057,13065573,1,3,0
Company_116,402062109,57358435,45270182,59804613,70483194,42271652,44315669,7965344,18252847,1,4,1
Company_117,213559890,22019983,68032054,58449805,22864453,19311977,18780043,4504400,12841477,1,5,0
Company_118,374855979,63828797,172095483,62881638,63857931,72439817,57007919,6636462,15580398,0,3,1
Company_119,303119804,23159489,166642556,137255324,60577442,8797640,19197895,4752786,16866384,1,4,1
Company_120,312015443,46748895,17698602,129444248,14416651,9329006,37461649,7943110,4753670,0,3,1
Company_121,189645621,44323785,146019193,76388336,34481123,47560958,35404785,6129965,2150836,1,4,1
Company_122,115739593,20522054,50711456,95767199,97422175,33540930,17549038,4581225,2039300,0,0,1
Company_123,134325037,31036521,92927834,72132229,92048306,53979107,23494267,9904314,13776377,1,1,0
Company_124,146404141,16181772,155076378,50702798,61070509,53234888,13337627,4361179,3864958,1,5,1
Company_125,477183336,86262161,59552806,70634912,40785082,65320688,77052742,2940876,3028012,0,1,1
Company_126,238509386,39659739,164356088,79743808,37503992,71913043,32704250,3831322,17240314,1,2,1
Company_127,84399492,20429417,11308106,144833203,34237112,77467629,17578030,3230783,2624923,0,2,1
Company_128,151873753,8203641,45467753,76436893,32629271,33809864,6542104,5054712,6984319,1,1,0
Company_129,456767443,99823708,42654624,138009299,64114281,19584988,74115321,1533411,18085745,0,2,1
Company_130,411139891,27996624,37747353,139880506,45758335,79248903,24144244,8574176,12191125,1,2,1
Company_131,146602127,34208479,165266386,69722655,10929298,37985004,29404247,3449768,10999656,1,5,0
Company_132,129204902,29567301,118968673,75259523,10100733,70133131,23917591,2716321,9511262,1,4,0
Company_133,90153826,21466398,31466616,84118293,80949483,38884284,17818682,5530108,5537209,1,2,1
Company_134,315216815,60058693,116442814,45297469,99790989,78702222,46582821,3300652,16092372,1,2,1
Company_135,193623050,44914639,15654135,29389614,97242002,60434197,36573873,7182269,13715167,0,1,1
Company_136,145484839,16399443,181058732,95572426,83688819,31801940,12489650,6699326,10430424,1,3,1
Company_137,457975934,86418640,184169603,43975571,45224302,17039702,71626587,3623866,5597974,1,3,0
Company_138,435474555,59999977,50542480,139472546,24548353,29146016,53788365,4325830,16856450,0,5,0
Company_139,225184988,17736471,27321800,85194024,30423294,18066348,14266998,9834320,7885986,0,4,0
Company_140,96189630,11611239,188264921,28514047,10290620,73304917,9162949,9883833,2357760,1,4,0
Company_141,216415083,43807858,19639713,101060262,19632632,54628380,33367378,2294937,16830504,0,4,0
Company_142,216494205,28929940,109601702,38530606,75380216,53695346,20991387,2828561,11172769,0,5,1
Company_143,166739514,34118045,52339845,30009002,46262113,24458174,25112001,9981891,13819344,1,5,1
Company_144,197007520,21662925,17093753,86386875,85756543,6473723,15848407,1391675,19054396,1,4,0
Company_145,325376167,25801266,133121044,144462123,31004226,56579190,20321165,7431033,18629181,0,4,0
Company_146,64144941,15990404,82630225,42981788,80962476,60127435,11519269,3703293,6922871,1,0,0
Company_147,411430141,43106842,165407033,130182072,84962921,40252170,35142571,2265021,17312136,1,5,1
Company_148,246408151,31611735,115331026,112587948,67547101,50677242,22452963,9433333,3624736,0,5,0
Company_149,496447740,39745978,171509446,100313868,38605196,76610904,32460005,9151622,9195043,1,2,1
Company_150,472523953,50461144,60392720,125923533,11462013,40659537,38460895,3532238,9224461,0,0,1
Company_151,226998765,12301158,27560158,32137901,99592890,26251248,10375680,4890202,5055173,0,1,1
Company_152,291589676,32304332,15025329,117279283,35191224,14875129,27558578,3594341,2383078,0,3,1
Company_153,196841709,47299322,16209410,68673596,95838590,59865266,39963388,6661509,9631109,1,0,1
Company_154,336038079,31143706,26082535,39032122,51205637,63053097,26874053,3856446,6259477,1,2,0
Company_155,181474957,19934327,180223935,37666935,94715347,74760888,14475850,6492964,10791979,0,1,1
Company_156,413771557,29808074,157578914,147555617,85257440,74551914,24161680,8676980,5072955,1,5,1
Company_157,346141636,25210795,56905122,121524442,71294078,12184373,20950290,1045380,8130850,1,4,0
Company_158,77783587,16356003,189713368,39337661,76287648,57636827,12964163,5455868,17052869,1,4,1
Company_159,255649546,19006181,93932670,20989145,53734143,67622967,13586622,6449257,18502469,0,2,0
Company_160,224317419,41613067,171588015,130393194,29163533,7060812,36770366,3193730,3471997,0,0,0
Company_161,281962676,18614544,21606661,27558345,47382278,34853174,14961134,2949803,10029526,1,1,0
Company_162,96241686,15180739,188662882,117521295,20986591,22658136,10641819,3955254,9969872,1,2,1
Company_163,215115073,45686222,93155835,28963256,19415309,65393679,33886369,6351086,17189740,0,5,0
Company_164,329433774,35643895,176090999,57592667,40895623,13791811,29128833,4878699,4779484,0,0,1
Company_165,471294142,45402617,49208781,124751259,27290164,17913857,38148359,3164075,4995993,1,0,1
Company_166,148181912,15041405,35151002,92592805,30184695,6388617,13143184,8496293,13063138,1,1,0
Company_167,270627651,22068377,124870999,32163111,35031513,12626577,15936734,5616780,16116277,1,3,1
Company_168,90990572,15190697,194103574,70181681,89820880,5761000,11856425,5303252,3541386,1,3,1
Company_169,71943398,12695677,194120648,86264518,60407096,46897584,9320027,2704164,13519195,1,4,1
Company_170,54800059,8563445,100321096,147515344,66501661,75436523,7458008,5578720,9063796,0,0,1
Company_171,162018005,14718316,186208475,106750004,33309851,31360586,11036148,6570143,4101760,1,1,1
Company_172,464058953,43636236,171859240,32079493,12379179,43588745,31477030,1486396,9821145,0,5,1
Company_173,150604206,23261941,56173617,32760235,62855053,19823435,19234779,5638345,7024643,0,1,0
Company_174,164284570,15527191,98189083,142167069,78942024,50423681,12616795,3846433,13725134,0,2,1
Company_175,306976725,45864487,106194503,118081936,92079312,37983708,36695422,7956064,7758361,1,4,1
Company_176,440105863,80896414,20521119,100150359,41772378,67635570,60686104,3442827,10542601,1,2,1
Company_177,303734318,22200266,179575167,106031305,88894761,47819699,19739544,3263293,6741070,0,2,1
Company_178,107023650,8971687,181626688,55158506,83125379,58510804,7343675,3886402,17671001,1,3,0
Company_179,193515729,13199172,106564256,30588547,43100320,55333856,9309518,6552672,14742614,0,5,0
Company_180,203070823,48944938,194700199,38950108,27227705,67893359,41571635,8749332,8902664,1,1,0
Company_181,119642912,9229268,180149791,41161088,31852134,63106516,7707633,2712815,10704043,1,2,1
Company_182,382501773,65201407,55676970,133398391,87028314,17840909,51155383,4148520,6989975,1,3,0
Company_183,291517456,45860743,141889029,50231673,11490092,76178696,33848873,3368055,10280828,0,1,0
Company_184,429987652,91155269,168593165,41954710,30097074,52453883,72252815,2215190,13062300,0,1,0
Company_185,480787110,96176876,107284172,24767351,44650284,40462200,68623719,4634773,14109314,1,5,0
Company_186,184290543,42296298,186775444,93440039,26086831,45441906,32922001,8369988,7003656,0,1,0
Company_187,338987710,59203478,35689216,131915705,91677621,55858294,49556360,6473734,8521840,1,2,0
Company_188,111933857,11905724,97254231,80437495,18763832,15994883,9856125,4756870,3499733,1,2,1
Company_189,68617742,9835040,132175569,102143950,60706710,69730516,8098320,8090351,14075041,0,0,0
Company_190,188844865,46386123,118783840,127073732,36755303,44192096,38062091,2013341,14328506,0,2,1
Company_191,470943465,107445693,53698326,147190124,71806188,62527920,83946971,2444698,15430115,1,0,1
Company_192,404462221,72507114,33526532,93837300,76483878,49840666,55365139,7597457,3301237,1,3,1
Company_193,498878209,62212985,146202826,27695302,47974265,14108685,52347975,9908200,7429049,0,3,1
Company_194,64837291,9498226,77765241,92537404,55141601,28904888,7886978,5171915,5590125,0,5,1
Company_195,137379814,21303280,58519148,62078594,88151211,46660217,15367419,5277336,15970159,0,3,0
Company_196,393412697,30304116,138647424,107157625,68228505,43598660,24472696,8410931,17384062,0,0,0
Company_197,198837066,45941182,164108495,130887241,80082944,11326138,34873861,8876836,8468613,1,0,0
Company_198,245995512,51380622,174194862,20634181,93258843,21727904,45167967,9838291,4449071,0,4,1
Company_199,459937710,36192406,130355262,55848036,30674516,60925399,25389873,4992056,9188536,1,2,1
Company_200,266330682,25014393,74213197,35368513,71818951,43328443,20160827,5820486,12438413,0,4,0
Company_201,354854181,88517537,109417804,21453207,51891952,36527572,72624314,1120649,13826407,0,2,1
Company_202,313461948,65475515,106665136,39803979,22841376,63205519,57155176,5210844,10852174,0,2,1
Company_203,481665286,49948830,42091861,32505197,27723283,40241553,37551037,2995116,2772024,1,5,1
Company_204,133305617,7103139,40735596,74022461,86979078,65866699,5013691,6085030,2852584,0,1,0
Company_205,335988228,32859663,100759916,33580786,45434051,45550014,29269555,1289840,17775358,1,5,1
Company_206,169230131,35387610,103878771,21172706,81846999,54822042,31237909,2969374,3488709,0,1,1
Company_207,132327478,12986481,93712232,135622918,42054578,38732680,10999071,8271886,9607450,0,2,1
Company_208,371658352,23215530,73028037,23777866,66330817,74242948,18783413,8511219,14424712,0,0,0
Company_209,137455143,16312197,13723018,148746139,31152856,72698294,13550128,9755926,4344401,1,2,0
Company_210,468771488,95005741,116676356,55444118,83780186,57700641,69455186,8928767,3646357,1,0,1
Company_211,52369472,12604807,156822207,34664043,92641947,35992429,9898399,6560397,10298549,1,4,0
Company_212,114919349,24977877,95186231,51779758,44385938,69313402,17527906,3105214,15553845,0,4,1
Company_213,180701257,19736782,20253922,64833027,85880320,42609536,15697213,6408934,10032327,1,0,1
Company_214,423384514,25622232,185215084,63329235,64231244,68019739,19519007,1980532,7767432,1,3,1
Company_215,474212109,107216691,78851869,134611777,45344209,43652836,75680691,7889562,16113706,1,5,0
Company_216,334920638,83089732,115318462,60686946,67613774,6237598,66529160,7086941,7576818,1,3,1
Company_217,274529508,27826902,197677172,43719320,78045270,23706420,21189379,2637027,19921768,0,0,1
Company_218,388109885,41585150,189703867,61671475,99748887,58860466,29155058,9751166,11018447,1,1,1
Company_219,399860683,22358087,193334598,54234106,61801207,29516063,18975167,4515820,11349565,1,0,0
Company_220,415358045,97990297,36872401,100174525,76662889,15416382,78177855,7336140,19821409,1,5,0
Company_221,358306767,18012250,53704417,92902139,48345593,66562515,15412915,5771949,14566704,1,3,1
Company_222,128973027,25158986,39509265,73050242,34017665,10095382,20010352,9220683,15938430,0,5,0
Company_223,369189349,73650539,21569451,85525129,24597857,10626989,52617976,6003487,14470710,1,4,1
Company_224,417350386,91504524,111071992,76846203,77318671,76121335,67668427,3994549,10378179,1,5,0
Company_225,420597429,91552373,179262017,138453031,13745486,74530193,69617539,3254652,9263376,0,0,0
Company_226,456417955,83383503,185598547,131944198,81000245,46863170,67488156,5535349,8544760,1,3,0
Company_227,495855341,62879119,18160657,94776228,89049880,8430800,54927002,2032358,8873506,1,1,1
Company_228,92608758,4964348,143805396,96149646,34359070,50166013,3902398,1264152,17808076,0,0,1
Company_229,431319458,38742608,72749757,36739718,96554209,76787612,33511894,5854292,12400690,0,1,1
Company_230,156808061,38550151,156378689,55112182,79950233,66556560,27345919,7208680,15555353,1,4,1
Company_231,201195468,27601068,189684704,145304589,90529267,24925831,24626591,2765027,11476089,1,2,1
Company_232,91818482,10655272,113069415,85129869,64897208,12562606,7728209,3498940,5966990,0,5,1
Company_233,432467585,50473807,113498293,47859425,34342973,6017092,44799435,1448715,13119621,0,3,0
Company_234,198887729,22518481,196191949,54762820,19902589,27410164,19509787,1605622,6466471,0,0,1
Company_235,430503595,75078845,47365001,23869565,29251373,78145559,65980008,4369998,7585613,0,5,0
Company_236,55479802,8851190,90494403,43257419,39130656,42851717,7081116,5911339,5384457,1,3,1
Company_237,126688134,28740544,20477801,87360593,90620630,72181425,22173762,6925670,5440035,0,1,0
Company_238,221836074,29818613,135310144,109526989,67160075,37084265,26323780,5915709,18163155,1,0,1
Company_239,227005951,52156276,104735345,34084546,77037118,47061276,42592061,3883297,15277245,1,2,1
Company_240,350506013,59599294,183403818,129367516,92339736,32927474,49485971,9841182,18816669,0,0,0
Company_241,211004814,40723568,101199772,99954611,59615736,33673569,29177173,9522340,17007232,0,5,0
Company_242,327538937,25782730,71615686,44585689,76662338,59413430,22321929,3500972,14655345,0,5,0
Company_243,144506683,13737906,149848368,137614146,79224634,35046119,11077745,9848767,4519728,0,3,1
Company_244,473679764,45171115,35694101,34156883,52391591,46408548,36223689,4825387,16783592,0,1,0
Company_245,430192949,33444665,114320088,96722744,98684122,70468364,24550474,4109841,14788834,1,3,0
Company_246,163013734,32014063,67418643,104405123,97943076,42903576,27921889,1097858,19419547,0,0,1
Company_247,84491497,6041063,193320487,148366450,31031790,42580165,4779580,1975981,10983979,0,2,0
Company_248,150931642,11312104,25258040,60572876,93099836,68693089,10090006,9834444,15043646,1,0,1
Company_249,264501884,37328818,27262806,80069885,75991392,23852048,28819428,7630227,11863479,1,3,0
Company_250,439859990,25749270,14225703,89024389,21103319,18422372,23164090,7001448,2338450,0,3,0
Company_251,333853415,46895706,13880882,82300573,43236831,34584620,37927899,9411717,2511597,1,3,1
Company_252,93941194,19303046,55561948,122453224,11193536,77371356,14269790,7785854,10831082,0,0,1
Company_253,356081581,39547229,97401224,62738783,95800862,16866528,29350412,2903471,13183703,0,2,1
Company_254,252871902,36381735,18396064,60724335,19666957,49651321,26276240,7806873,15736063,1,3,0
Company_255,256328054,22650280,181295137,61238936,55366406,52262601,16077695,2442855,19984708,0,1,1
Company_256,332580361,63368155,134095806,93759267,67628431,30180623,46350054,2105177,15203749,0,0,0
Company_257,185155745,32279813,50092783,86548665,25471235,33006511,27823039,4067798,6870710,0,5,1
Company_258,134974588,16260020,62324713,135554569,78583826,20144559,14220576,2203477,15427224,0,4,0
Company_259,67725201,9801699,16868938,41591351,99880602,40512164,6962178,9798026,17307624,1,1,1
Company_260,174410149,10135502,125427820,33508679,81921691,14305211,7871851,5232253,2000516,0,3,1
Company_261,252834296,24989216,174015715,130311104,76443218,16665489,20692849,8330731,3051265,0,1,1
Company_262,233940621,31861330,102918332,138361836,62808400,53667651,24051216,3467285,5235259,0,1,1
Company_263,446240671,94801869,96291259,48611494,58628944,29571915,75643218,2661462,3534849,1,0,0
Company_264,336884610,56914853,159708885,36712241,23649940,64363171,50417773,9943100,15132850,0,0,1
Company_265,167707033,36782594,50598704,25013150,21603237,74318335,29073678,8839196,7264219,0,4,0
Company_266,466954806,93799551,162847728,132924646,33251783,42551789,80374107,4101094,18943527,1,1,0
Company_267,457765118,84381927,149836536,22541028,79025028,43921448,61584483,3863370,7781890,1,5,0
Company_268,345496990,56952484,41072117,126919690,59077691,62334508,47338963,3258723,8216692,0,4,0
Company_269,488994193,38497585,108865802,86180110,80266807,50203187,29878687,1074647,10632336,1,2,1
Company_270,96591443,19629868,130926768,42637043,45494629,40144023,15252798,4092479,5415956,1,1,0
Company_271,426870165,95000253,56250991,36445190,81577236,39843947,73247958,4934488,14089077,0,1,1
Company_272,311424013,57307069,179739485,84012021,97161414,6985854,41931458,8405458,7281806,1,0,1
Company_273,435942865,86095570,180277719,26641841,87616180,32086714,67795793,3949408,2052253,0,2,0
Company_274,395649199,73604776,119820497,24712306,62444486,62990452,51848126,3036705,10494307,1,1,0
Company_275,490357319,33378696,67992423,33005929,44381643,50472379,24774074,9301025,2379222,1,4,0
Company_276,346058861,77866665,128058607,34369078,51911767,29217733,57834479,2588034,15129172,0,3,1
Company_277,230290642,35365628,37791327,56254805,54550566,62249358,30669848,2393975,6274851,1,4,1
Company_278,352205138,59083075,195412241,42159399,68025528,55140621,47858789,1149113,10849308,0,4,0
Company_279,364747272,80066604,66321973,43785610,58917370,36473208,66466719,3033281,4195278,1,5,0
Company_280,382844312,26392981,126763122,123796692,25239823,21426999,23294674,2208337,17581066,1,2,1
Company_281,489142675,44146496,174707552,111747616,81049493,58478952,31380095,2974276,17544352,0,4,0
Company_282,353981309,60675792,50747755,129789478,22043203,44094803,46655817,9589920,6500532,1,1,1
Company_283,476581770,116538681,181376110,109539833,10366239,60796136,82490470,2191332,6963845,0,3,0
Company_284,326055032,51077743,163715394,96178434,12395739,66668121,42134421,8720284,7264732,0,2,1
Company_285,322464589,28290332,103193817,134857513,49650069,19306129,22911742,7142069,7578499,0,1,1
Company_286,173805900,26089783,55395954,135103463,40797990,46548541,18876084,6191886,9958162,1,3,0
Company_287,352287818,26528763,191921014,78469473,18946466,57010592,20096856,6893442,16120509,1,4,0
Company_288,262355140,48091951,30891279,117207960,67279683,33014901,37704584,4563956,15226302,1,2,1
Company_289,219702209,52903766,14986695,143243984,11801850,42310941,44859805,4507865,9064349,1,1,1
Company_290,478205103,52300219,99955340,43826402,66812922,19004920,41242848,1178403,2373506,0,5,0
Company_291,405535021,85125115,69227634,112689260,23768758,46202005,62987007,6626163,15861719,0,5,0
Company_292,303432264,74667845,81262195,28389974,47804300,42654983,52872420,9048860,15202402,1,3,1
Company_293,292965582,60379155,107418081,98335561,98781059,35715288,43092437,4597408,10816943,0,1,0
Company_294,462443682,67858050,172650955,106361854,27319646,33968672,55569411,8905774,6255513,1,3,1
Company_295,499513897,67587027,67968909,20287937,67762634,75835609,57991456,9654741,18733664,0,1,0
Company_296,319256694,72799640,102517975,146707245,85807138,65255876,51944559,8705409,7199677,0,2,0
Company_297,445857847,63241974,57146868,48894363,58248392,29994080,44361770,8668802,15207572,1,4,0
Company_298,365675405,56477404,177575879,46075123,21903647,62012579,39568264,5367552,18486266,0,2,0
Company_299,144014044,26491488,51565333,97175460,73372837,73866575,23183015,4559883,13794448,1,4,0
Company_300,208447274,11351302,118174672,65330450,12232223,54434673,9153813,5413063,7258556,1,4,0
Company_301,197776044,11832761,38575619,56009015,94371968,20370798,9304751,9055480,5134800,1,5,0
Company_302,189185874,32314022,19669071,126321192,51638468,23317054,25661049,6081356,2625958,0,3,0
Company_303,171607042,34160561,187185646,99027483,28225471,37359636,26612469,8710886,8923845,0,4,0
Company_304,205337630,22564747,22500695,140295454,98692346,47212105,18583385,6532597,12738449,1,3,0
Company_305,187437979,24363201,142253275,105370566,28568339,26286516,21676526,1976504,17896897,1,4,1
Company_306,335691042,41381337,112142790,77763888,82541575,28535616,33928476,9929533,18520131,1,1,1
Company_307,393478420,44377561,166051416,54889324,63093049,51023120,33221179,6157626,15461526,1,1,1
Company_308,449130089,24781573,92055966,92524313,75695802,7814550,17674777,7221621,10676055,0,2,1
Company_309,415130380,94957341,92854278,133479971,93558658,29734634,75088103,6640363,8361575,1,2,1
Company_310,62485625,9534866,32889025,33680735,79620206,23636290,8505490,2115050,2879864,1,0,0
Company_311,144124745,32238289,164001422,77630453,95590774,31797327,23331773,4666932,13654150,1,3,1
Company_312,200629404,19502584,28371617,127559134,21657794,33912760,15921685,1473492,13531600,0,5,1
Company_313,188480318,11955858,179770930,140921786,72974454,42017749,10753074,2030426,4780046,0,2,1
Company_314,177462503,17180538,10231017,69857143,71337880,65396529,13568206,3875284,2208241,0,0,0
Company_315,352755767,22931943,108147884,46016525,82853229,66776346,19126024,4079530,8964644,1,3,0
Company_316,354557643,53906636,87340957,112175024,34777641,60002465,42601124,7924745,17398267,1,4,1
Company_317,113691361,11209029,140197076,33895148,35169658,53224303,10063802,3685434,11759130,0,4,1
Company_318,103017095,5525746,133354195,105820124,45952048,13021332,4229647,5161131,19655138,1,0,0
Company_319,351871013,64963334,150652073,61597002,37515484,35805163,48631933,5288559,5221797,0,4,1
Company_320,269359735,42544585,175393401,68077220,81567443,10240151,30344116,1206045,14763029,1,2,1
Company_321,226248977,53372377,142336034,126747074,97076417,36856611,42115811,8041088,17573758,1,0,0
Company_322,141119571,26662047,52106296,118183140,50405788,19152348,19284697,2354870,10038101,1,1,0
Company_323,281504351,69712338,80345388,78526922,52749548,22791786,51738656,8248301,16655373,0,0,0
Company_324,414068004,32191089,142668314,110497860,82089976,27273494,26710205,8991283,14722395,1,1,0
Company_325,422882967,43122195,151668916,113618248,69378662,55865256,35053699,6612224,8414182,1,3,1
Company_326,142075241,34815175,197388004,40539087,88581958,65440757,31194788,4029742,15343452,1,4,0
Company_327,449603118,57330198,186464036,147660938,39307465,6128850,44652604,2884499,3281909,1,0,0
Company_328,362338226,67283061,165398089,87849552,87663293,43692141,53269542,8532055,15620041,0,4,0
Company_329,238208420,17977420,132462203,135775181,93905478,15129510,14114870,3464208,15966497,1,0,1
Company_330,325803218,39254252,98114145,124469264,46571942,23291244,30798248,6742722,11953603,1,3,1
Company_331,490801138,91232109,131820612,136929270,12727262,65288352,66270832,1118949,10590847,0,5,0
Company_332,113159937,18785153,106398329,98027137,27641880,46212414,13224457,1671439,7888528,0,5,0
Company_333,345799535,30247118,84236936,79444151,24153081,54840829,23406763,1210556,6366561,0,3,0
Company_334,388618229,54663577,116774283,54247904,79840606,44982287,45077111,7468611,5479046,1,4,0
Company_335,468369811,49098647,146098984,139248359,41009571,75788369,34561957,4396522,6328397,0,3,0
Company_336,223024512,24665256,24784322,121820848,66265178,11183735,20929508,4063637,19901680,0,1,1
Company_337,246877986,38161683,129817407,128636854,97620676,71270477,27034401,8543978,2638608,0,3,1
Company_338,450338443,88430165,42960395,66977537,18058925,6819588,70258671,6832736,13902776,0,5,0
Company_339,251354199,20825405,166721120,48265552,64162285,41661695,17668557,4061567,2310351,1,1,0
Company_340,459351446,56847094,156295409,108329454,69967423,31459723,43648539,9271394,17263035,0,5,0
Company_341,398527090,45155644,127900664,77020535,75467854,57978356,37270812,6027044,5905385,1,3,1
Company_342,139973137,18044596,17593620,75959234,67431847,37999687,15559479,3246867,6529682,1,0,1
Company_343,190961210,38587139,165933806,146185692,83423230,19972734,27874996,4270222,7045188,0,5,0
Company_344,385514949,19737053,76216905,102955832,49011589,69088690,15991301,5546647,4961943,1,5,1
Company_345,270647990,58414426,53633074,21277561,46649586,72424316,51557918,1133991,12227619,0,4,1
Company_346,481421919,85899413,135840346,138493845,63834104,25315182,75809645,4148898,6329791,0,2,1
Company_347,351905830,41733545,109650197,134803074,22139053,27958265,36565498,7743568,10974035,0,4,1
Company_348,259021059,21880019,154693314,55039433,84201965,31845114,15818796,4789097,5731830,0,5,1
Company_349,129338560,14168267,107972344,61106074,92577390,20253377,10594415,8978748,2562645,0,5,1
Company_350,363330400,28676421,112724623,51617786,86294902,15582957,21581402,2236153,2911320,1,0,0
Company_351,285929255,15865573,183632961,143187624,65626964,50524259,13139977,8526121,11241239,1,2,1
Company_352,437964790,106147647,73302014,62256130,29172975,66039013,86963592,2955522,15266509,0,3,0
Company_353,301495578,69838526,11634155,70674369,98383681,54513025,51702962,2330639,8152466,0,5,1
Company_354,302187910,54702246,100564498,141485941,88841168,37641756,38899045,1034643,18705672,0,4,0
Company_355,165114890,34206036,199947811,74479684,66822860,70225701,25945307,4054016,2578835,1,4,0
Company_356,420715527,38186292,80288567,96056977,89843559,69939233,27437337,5944185,7103660,0,2,1
Company_357,273675805,53313784,20326196,116247503,60344420,28423983,44586633,2818081,11369436,1,0,1
Company_358,425803547,26482088,77369777,79744349,72729341,50185656,19976433,9358138,8921109,0,2,1
Company_359,76810416,7022515,142449343,79926186,44537111,24035624,6043057,5310447,17358420,0,2,1
Company_360,255785893,21600864,153533786,92958135,55747506,45800779,18050661,3567385,19030838,1,3,1
Company_361,332474623,43415080,149222831,34769878,94939045,8747328,36323039,3003284,13396851,0,1,1
Company_362,258915877,21707457,68625836,118482834,99191129,38881945,18737985,2814543,3665475,1,0,1
Company_363,220297160,38924414,142945447,114620418,99387623,13939678,28728975,6968805,7623717,1,4,1
Company_364,287062432,56148359,74495948,140335594,89823924,76236043,40692328,3538042,19838807,1,4,0
Company_365,480513665,72944019,91271834,117795819,63181559,70894842,56107461,1879869,15010008,0,3,0
Company_366,465536769,88052169,52104467,101509727,96589390,79078335,74269688,3329681,6621117,1,0,0
Company_367,228254532,25763104,107749476,62878230,81605218,48642686,19651802,6868346,11960129,1,0,1
Company_368,333080198,51137470,115226573,94316672,53027597,57402435,42918672,9307123,6031832,0,1,1
Company_369,142255420,21699147,33702128,67997541,41353305,78433900,17806461,5964130,14978758,1,3,0
Company_370,157326032,14324810,109938493,112531522,79531874,9482304,10890970,4388534,5797430,1,2,1
Company_371,494792687,101861099,180096099,75102795,69155735,53882908,79113584,3882070,13709554,1,1,0
Company_372,128435077,18554653,73349348,49109766,32328240,48673739,13372258,2552708,15211477,0,4,1
Company_373,152706017,22988411,165434478,70856709,66914031,65989991,18745303,9949359,4482464,0,0,0
Company_374,257354792,57376861,102075194,109281628,55525553,34711843,50702643,1227108,4225583,0,4,1
Company_375,167332586,21865531,171865857,88312138,56108446,72446663,17716144,2353610,14095029,1,5,0
Company_376,462351880,65298741,102701342,126779923,23810450,36548390,56646670,2814956,6783918,0,4,0
Company_377,318177925,22359214,66237481,122438216,46807373,52401255,16403700,6550231,8430356,1,2,1
Company_378,227616907,35809913,17845199,62569851,74334878,65163617,28525362,9861886,8993021,0,2,1
Company_379,302868434,42313917,119080619,45340627,19411650,59421346,36897726,3943737,17139114,0,5,1
Company_380,154970534,25228614,27072570,45704092,90396361,79063354,18677611,2152911,9911728,1,4,1
Company_381,233078144,22933018,115593810,41092965,28051731,36847104,19728218,3862454,4391076,1,2,1
Company_382,414168655,46439584,168609769,94742093,18862243,12066759,41569645,2107108,12003528,1,0,0
Company_383,118164460,23619744,87395157,46768682,26721970,28857760,19532472,9348172,4212984,1,0,1
Company_384,485246485,60975245,22197896,51319622,65836479,79905665,42792128,8313441,16229875,0,5,1
Company_385,289818850,66266732,109557950,43975068,92722374,59833442,50392649,5986644,8053239,1,2,0
Company_386,288605602,42157803,168564810,100730079,30125618,47264677,32132222,9234173,2588353,1,2,0
Company_387,299023583,53746840,172044778,134391882,20931264,23502815,40848081,4550382,14391217,1,0,1
Company_388,109668845,5521731,82538190,104473935,87240182,73922183,4487925,6639599,9113642,1,4,0
Company_389,262665807,44724032,176703419,79689348,56240756,64515809,35486553,7975608,11954901,0,0,1
Company_390,80757528,16877295,59482519,31026603,54419398,26270562,11921904,7114081,17973904,0,0,0
Company_391,446179214,43831369,115094622,138426193,19892397,37298372,30870400,2413878,2689551,1,1,0
Company_392,458029809,109189480,124086496,129721001,56232521,6408486,91207503,9098206,14314639,1,5,1
Company_393,420771795,78314197,42209478,78246941,38700376,40470300,66126048,8397455,7220529,0,0,1
Company_394,256779237,59156027,36321016,46335638,17247081,31567161,41712933,1610717,3131387,0,3,0
Company_395,331975172,75066769,110253246,84824682,97540251,37064110,66461456,8683417,10588935,1,1,0
Company_396,339200987,80408892,13614462,22866733,18496136,26605042,58350216,5274032,4348697,0,3,0
Company_397,66613703,8624190,110643405,48887143,52330969,31361236,6417395,8434648,11639145,1,5,1
Company_398,367818927,64068261,37593985,38877841,74647407,12240782,46037454,2878850,8480426,1,5,1
Company_399,469161028,53299793,155031937,127222430,60387635,12512566,38372344,1169128,18701298,0,2,0
Company_400,446049993,77339754,35019118,114940585,41113921,40066004,64285513,9319113,15792676,0,4,1
Company_401,420081139,93841466,118666355,115582087,84729567,34228895,80890261,7315049,7048273,0,5,0
Company_402,340977216,46731123,88968161,78836838,98340230,16398150,39531338,4787517,7593954,1,0,0
Company_403,273638838,56728029,52150486,39859779,57016362,58219785,40868330,4422217,11764065,0,0,1
Company_404,117291239,21642908,109920470,118407263,66806101,65805001,18122429,7230871,7007266,0,5,0
Company_405,273522907,57790567,181155478,134195212,94860051,77937691,41029831,6576633,6945674,1,3,1
Company_406,479503803,116325169,95808955,133203133,60773092,37805127,82831818,1838653,5253604,1,2,1
Company_407,418821636,74152485,117424504,140872845,37956745,31228841,52622303,1829041,11509252,1,5,0
Company_408,362395169,82675695,64146318,68719983,28656134,63289971,58322462,7378873,11815610,1,1,1
Company_409,236439595,58395252,24897577,84940186,49441322,34876400,47274945,1777037,15415193,0,2,0
Company_410,348615454,79380657,31635863,69589888,41294672,26799669,71310497,7201062,10334819,0,5,1
Company_411,144996345,21409914,48316676,89538158,55115231,66037281,17281020,2013780,15420369,1,5,0
Company_412,276375252,39283395,14373576,35589114,77219084,69739799,31407331,4981765,17164279,1,5,0
Company_413,373716807,62555867,187051530,41340416,46977101,6349595,55019679,2824704,14038103,0,4,0
Company_414,266902382,47543766,76147655,70539157,91436784,60131116,39867635,8722027,14770332,1,3,1
Company_415,228588914,45454591,65825785,140326483,39634771,66755484,35903894,6913584,18260225,0,5,1
Company_416,50801678,11058474,72541570,93886447,80660028,61085946,9669714,7871849,18411158,1,1,0
Company_417,495313801,69293020,40035333,66499336,92146571,60940202,61686468,5129742,10265099,1,1,1
Company_418,289374558,48015036,21097860,67793052,43991303,62171112,39433249,9968351,8070468,0,5,1
Company_419,125379966,14137277,90453454,149914304,58409200,10825798,11344644,4825777,6265005,0,1,0
Company_420,320003480,61238958,104984542,88741255,29352061,47323553,52070294,9132877,19445352,1,1,0
Company_421,499517231,62225475,81508807,70371822,66108108,39486135,48425794,6037399,11346467,1,4,1
Company_422,280757228,49667636,146432139,93933140,31118111,10793929,41397865,4476574,15042212,1,5,1
Company_423,282068549,69421388,25115676,67855716,97231019,66165186,57817735,5978789,10132458,1,2,0
Company_424,377453274,30512704,56832286,62666842,54118542,36682768,22290693,3215027,10739636,1,5,0
Company_425,446520730,71079314,60610879,114619890,97069228,67026117,63661464,4165770,17851426,1,5,0
Company_426,167012583,10460898,136141511,34476052,53048364,21535283,8346041,2137346,4526682,1,4,0
Company_427,479006923,44655280,14003591,132184424,74030905,10081103,37081942,2801706,19636411,1,3,1
Company_428,161825305,34884502,57589729,116149235,87831999,36626614,30950550,7011855,7111407,1,3,1
Company_429,270338934,42763058,182791105,81542297,21265076,68387964,34900160,9433654,5903768,1,0,1
Company_430,464482310,59911728,140823686,24048963,67704240,18073003,47151904,2944723,4446586,0,2,1
Company_431,270711493,14644888,119650150,92032891,29613119,54480245,10810031,7651235,10773970,1,1,1
Company_432,414752084,60953451,157133594,30492249,61181906,67709728,43337832,4812697,16672230,1,5,0
Company_433,113986209,20090913,60146857,94789282,84185057,19430434,17024236,1876495,12772108,0,1,1
Company_434,259800152,45367365,95671183,117514869,91852710,47469582,37147400,4256743,7950801,0,1,1
Company_435,80030001,14132023,16653917,84688696,26874643,78436951,10788430,2652170,5464349,0,2,1
Company_436,364678425,47334713,108792930,133262947,54801124,25186032,33508661,1487738,18981064,0,4,1
Company_437,271656810,28430427,62521665,61296110,12957503,8402096,21805938,9043921,15400285,0,0,1
Company_438,98161046,23292435,195485452,52250681,81498357,17991516,16768624,1409603,6931205,0,5,1
Company_439,111322015,23376689,133000119,70889837,38282438,47057277,19943259,9235540,2682595,1,2,0
Company_440,118395631,13735167,44342149,96161338,67911355,43614379,10368953,2607376,12316701,1,4,1
Company_441,486351911,67802592,190331187,82092010,81662282,79779380,56319028,5100498,10608929,1,4,1
Company_442,194328712,9736713,195522118,105237792,24568253,36036747,8012193,5996769,15839759,0,5,0
Company_443,88945633,5742901,62097315,149980140,98724058,75964715,4668742,5947507,15674842,0,0,1
Company_444,130538996,7704342,35706337,87424776,74363147,57932632,5858560,4610148,4763897,1,4,0
Company_445,326544174,67253054,143904621,143999951,25130032,30077646,54161190,7650149,9794891,0,2,0
Company_446,448356049,93457942,17440040,34794693,16757123,52282929,71824208,8098311,12950912,0,3,0
Company_447,334450129,58813964,137242550,141526924,52257265,33091031,44069684,4657030,14227198,1,0,0
Company_448,392114697,74462199,170137147,42913593,13598542,5670669,54968192,1370611,9774872,1,3,1
Company_449,403895195,42997957,27431608,116497260,37341148,66250706,37875639,5798811,7210531,1,1,1
Company_450,372869371,21444618,132305345,50180349,25515052,65084270,15764550,3171093,6916452,1,3,0
Company_451,433495430,32570458,135983711,130410762,70831351,36185807,24281328,3315032,11597031,0,0,0
Company_452,208597367,30061684,177573246,60666030,57747397,18412129,26821300,3053031,2223319,1,3,1
Company_453,81833796,6463907,155396654,144074170,83756214,11286135,5203985,9094206,12522478,1,2,1
Company_454,158464045,26814905,41267080,28627132,39819122,28095922,19825015,1924817,15141775,0,1,1
Company_455,159578402,14693591,65292238,100811379,90629182,70661360,12739199,6663387,16452338,0,2,1
Company_456,149974262,29063176,198938732,118820778,38301503,64887962,25198485,2828362,18629610,0,2,0
Company_457,370557156,53083566,103972827,112274512,44023985,60657744,47638272,3906862,17019182,1,0,0
Company_458,337000049,26908479,133414454,70291447,63852514,9826807,22566278,1199593,14090814,0,4,1
Company_459,435922539,66188961,63778459,49695109,13002106,11139302,51327570,1294778,2196692,1,1,1
Company_460,295124372,44602450,146848814,43024497,71193272,73627232,38052321,9963331,10873047,1,0,1
Company_461,283216103,58375362,31765482,114473108,67434485,59317594,45046331,7139118,15744195,0,0,0
Company_462,403251207,74457333,80176956,20934250,31331590,45548582,66481553,1052720,8747900,1,2,0
Company_463,406804390,38587650,95145114,26810060,93624540,71520272,29310885,2212390,19756431,1,1,0
Company_464,113159849,23347918,94182376,50940581,86548844,16094304,19828621,5746795,8135982,1,3,1
Company_465,232814646,27766832,135375082,128533418,82836317,56234319,19736796,5071044,12814445,1,4,1
Company_466,367051846,87691264,64038627,58134279,73092901,63530044,63601700,1619428,9564287,1,4,1
Company_467,451930068,110260574,19994971,23895684,54449151,42895825,89171969,1879035,3213585,0,1,1
Company_468,240025971,56907401,143135169,42145707,63941693,6492859,44827965,9372179,15410520,1,0,1
Company_469,418500993,37351636,83437382,134048378,70301778,38385305,26228814,9644560,3170043,0,3,1
Company_470,106010980,18824923,67845804,38680036,76414220,77713532,13269090,6088897,3213712,1,2,1
Company_471,139820358,15157889,62223170,32693258,56333612,51658425,11131447,8202751,14231343,1,5,0
Company_472,263152960,47754084,132375860,95766158,64173334,14979324,36220380,8863264,10206062,0,4,0
Company_473,179869663,24819190,59174183,56230338,55014052,50063520,19413663,2458423,15778656,0,0,0
Company_474,257597469,37086039,26594036,110121313,58632958,57405995,29114914,3851635,5214072,1,3,1
Company_475,310082876,56190354,85744004,146200896,55086317,12063624,40781533,8362644,10357340,1,3,0
Company_476,57447065,14077109,16596983,125037202,36003814,35842218,12610319,9599153,15686643,0,1,1
Company_477,395421741,60373209,81759125,53316454,96649194,67472018,53205589,3239388,11319413,1,4,0
Company_478,380970966,48530301,68842459,101335094,74736280,53053895,41106445,3233934,15396831,1,1,0
Company_479,484759183,106355635,166278290,142386649,76943594,75748475,83299278,4920254,17036677,1,2,1
Company_480,100585437,6596159,189602718,54786197,53361017,5179880,5206593,8788193,15589630,0,0,1
Company_481,221439954,43051861,86737316,102268303,30675800,38811750,31090803,4360330,3319003,1,4,1
Company_482,50096957,11356861,50783088,139396752,87040377,69791221,9005535,8379598,19933727,0,1,1
Company_483,250000133,27197400,172828492,147615358,63706702,79860610,20839041,1031497,19795610,0,3,1
Company_484,246644404,46464742,32882570,108168637,34200676,10673883,40608294,1219380,6986592,1,2,1
Company_485,487042205,46006861,14362370,97277184,80230903,54209007,39147919,8958868,8188013,1,2,0
Company_486,100008445,16896212,177986407,139274301,54605939,39882757,13420417,2209322,18734773,0,3,0
Company_487,161111584,20598620,42571794,86172197,77004531,54468552,15977694,3024109,6313660,0,5,1
Company_488,122487405,14368004,44933869,132487510,15642428,73671268,11943191,9086861,10326564,1,5,0
Company_489,376468321,77959208,145822241,36678885,55832666,39674894,56107566,6104967,4642087,1,0,1
Company_490,355181061,46177868,134357855,93890686,18543752,6569724,35405273,6712503,12051772,0,3,1
Company_491,370594482,38636533,75772509,21711793,14037120,48310033,27056774,5836970,13360556,1,3,0
Company_492,455604493,25725350,120224129,79220365,65524655,15192197,21314635,6872736,19799519,1,0,0
Company_493,346672622,19111116,63076695,37998495,72617542,57776863,15805529,1351872,15108543,0,3,0
Company_494,151891352,27792892,121173612,60667803,72103694,52055661,23323208,3777280,7718734,1,3,0
Company_495,451593759,69236950,166519537,119565790,82097857,29992392,54141025,2841450,12967520,1,2,1
Company_496,281955201,46298349,45645003,114117741,98814400,30035742,35283826,1141047,15220378,1,5,1
Company_497,438984511,88126980,60307641,84494868,87960680,35342913,75057447,6029287,7840134,0,2,1
Company_498,343071869,42344667,158581801,91266021,73118598,51166900,35048428,9243178,7605833,0,0,0
Company_499,278154992,28133277,34030958,149618639,60145209,57950014,22188943,8633121,14072807,1,3,1
Company_500,203161428,38636377,180693210,32393632,89218701,22882476,29414560,7058184,19820977,1,2,1
